category,title,creator,publication_year,description
book,Hello Treat,Manuel Feil,1956,Nostrum architecto aliquam illo.
book,Morning Level,Gov. Mora Bruen,2017,Et autem tenetur nesciunt.
book,Goodbye Delight,Anderson Brown,1928,Quo blanditiis in nisi.
book,Evening Extract,Wendell Weissnat CPA,2015,Ut saepe consequatur qui.
movie,Major Been,Charissa McCullough,1920,Veritatis qui laborum omnis.
album,Jacked Been,Apolonia Heller I,1922,Facilis autem excepturi et.
album,Brooklyn Mug,Edgardo Little,1987,Ducimus porro hic asperiores.
movie,Cascara Solstice,Jacquetta Dooley,1951,Repellendus qui temporibus culpa.
movie,Red Pie,Rona Lebsack,1966,Impedit dolores repellat ullam.
book,Brooklyn Pie,Necole Thompson,1944,Explicabo ad saepe beatae.
movie,Heart Equinox,Lacie Hirthe DC,2019,Rerum ullam libero voluptate.
movie,Holiday Breaker,Ghislaine Ratke,1926,Quia et voluptate necessitatibus.
book,Melty Pie,Pamela Jacobi,1926,Tempore autem porro ea.
movie,Blue Level,Nolan Ernser,1960,Magni magnam ipsa commodi.
book,Bluebery Java,Maxie Beier,1943,Voluptas debitis rem qui.
book,Wake-up Town,Ferdinand Goyette,1965,Veniam et porro esse.
book,Veranda ,Miss Julio Price,1929,Accusamus facilis quod quasi.
album,Bluebery Look,Johnathon Baumbach,2016,Quaerat aliquam debitis voluptatibus.
book,Joe Cowboy,Nicky Davis,1970,Et soluta illum ad.
movie,Good-morning Forrester,Delphine Gleichner,1973,Blanditiis voluptatem libero natus.
movie,The Equinox,Hiedi Grady PhD,1974,Iste facilis harum ducimus.
movie,Holiday Treat,Bennie Erdman,1949,Odit eos fugiat quia.
movie,Melty Level,Miss Guadalupe Hettinger,2000,Eos minus eligendi est.
book,American Look,Carin Bartell,1938,Excepturi sit sint vero.
album,Wake-up Town,Kaleigh Padberg DVM,1923,Voluptatem iusto velit ducimus.
movie,KrebStar Nuts,Denna Batz,1939,Voluptatum aliquid suscipit et.
book,Summer ,Dario Mertz,2005,Voluptatem beatae aliquam facilis.
movie,Spilt Nuts,Augustus Turner Jr.,1949,Consequatur et similique accusamus.
book,Cascara Level,Merrilee Moen,1948,Maiores omnis et necessitatibus.
movie,Joe Pie,Salvador Swift,2015,Beatae ipsum hic sed.
album,Jacked Star,Pres. Basil Ward,1972,Quisquam minus consequuntur ullam.
album,Kreb-Full-o Cowboy,Ms. Leroy Klein,2000,Cum doloremque quibusdam sit.
album,Spilt Light,Jessie Ledner,1964,Doloribus quia perferendis rerum.
movie,Green America,Gerry Schamberger,1920,Est architecto error molestiae.
book,Strong Level,Hilton Steuber,1929,Est eos officiis est.
movie,Captain's Equinox,Emmanuel Cruickshank Sr.,1990,Odio tempora rerum aut.
book,Blue ,Gov. Jamar West,1945,Qui praesentium aut quasi.
book,Joe ,Gerardo O'Hara,2005,Aspernatur debitis necessitatibus dolorum.
book,Heart Cake,Arron Kunde V,1968,Incidunt vitae ullam quasi.
movie,The America,Rev. Michale Stokes,1970,Id repellendus recusandae deserunt.
album,Strong Cake,Virgil Howell,1940,Error rem et non.
book,Holiday Cowboy,Gabriele McClure,1932,Aliquid fugit voluptatem quibusdam.
album,Express Select,Elliot Grady,1976,Ut voluptatem autem amet.
album,Huggy Choice,Fr. Lyn Morissette,1935,Voluptates qui alias qui.
movie,Melty Bean,Saul Runolfsdottir,1941,Et id possimus enim.
book,Spilt Treat,Lynsey Gibson CPA,1964,Sit non placeat tempore.
album,Cascara Delight,Msgr. Walton Schaden,2009,Repudiandae debitis esse quo.
album,Huggy Symphony,Nickie Hilll,1948,Est cumque rem libero.
movie,Veranda America,Branden Jakubowski,1982,Quaerat libero dolor maxime.
book,Postmodern Enlightenment,Mozella Dickinson,2020,Saepe deleniti illo dicta.
